ID,Form_ID,Cognateset_ID
1-1,1,15-a
2-1,2,15-b
3-1,3,15-c
4-1,4,15-d
13-1,13,15-d
7-1,7,15-d
7-1,7,15-d
8-1,8,15-d
13-1,13,15-d
13-1,13,15-d
13-1,13,15-d
13-1,13,15-d
13-1,13,15-d
14-1,14,15-d
15-1,15,15-d
18-1,18,15-d
17-1,17,15-d
18-1,18,15-d
19-1,19,15-e
3130-1,3130,15-e
3130-1,3130,15-e
3101-1,3101,15-e
3130-1,3130,15-e
3130-1,3130,15-e
3130-1,3130,15-e
3130-1,3130,15-e
3135-1,3135,15-e
3135-1,3135,15-e
29-1,29,15-e
3130-1,3130,15-e
3114-1,3114,15-e
3130-1,3130,15-e
3130-1,3130,15-e
3097-1,3097,15-e
3130-1,3130,15-e
3130-1,3130,15-e
37-1,37,15-e
3125-1,3125,15-e
3135-1,3135,15-e
3130-1,3130,15-e
3130-1,3130,15-e
3130-1,3130,15-e
3134-1,3134,15-e
3134-1,3134,15-e
3134-1,3134,15-e
3134-1,3134,15-e
3135-1,3135,15-e
3136-1,3136,15-e
3136-1,3136,15-e
50-1,50,15-f
3094-1,3094,15-g
3094-1,3094,15-g
3094-1,3094,15-g
3094-1,3094,15-g
3094-1,3094,15-g
3094-1,3094,15-g
3094-1,3094,15-g
3094-1,3094,15-g
59-1,59,15-h
60-1,60,NA
61-1,61,NA
62-1,62,NA
63-1,63,NA
64-1,64,NA
65-1,65,60-a
105-1,105,60-a
67-1,67,60-a
78-1,78,60-a
107-1,107,60-a
76-1,76,60-a
74-1,74,60-a
74-1,74,60-a
78-1,78,60-a
74-1,74,60-a
75-1,75,60-a
76-1,76,60-a
107-1,107,60-a
78-1,78,60-a
88-1,88,60-a
88-1,88,60-a
88-1,88,60-a
107-1,107,60-a
83-1,83,60-a
84-1,84,60-a
107-1,107,60-a
107-1,107,60-a
107-1,107,60-a
88-1,88,60-a
89-1,89,60-a
107-1,107,60-a
91-1,91,60-a
92-1,92,60-a
107-1,107,60-a
94-1,94,60-a
107-1,107,60-a
105-1,105,60-a
105-1,105,60-a
107-1,107,60-a
105-1,105,60-a
100-1,100,60-a
114-1,114,60-a
102-1,102,60-a
107-1,107,60-a
105-1,105,60-a
105-1,105,60-a
107-1,107,60-a
107-1,107,60-a
115-1,115,60-a
115-1,115,60-a
115-1,115,60-a
115-1,115,60-a
112-1,112,60-a
113-1,113,60-a
114-1,114,60-a
115-1,115,60-a
131-1,131,3-a
132-1,132,3-a
118-1,118,3-a
119-1,119,3-a
131-1,131,3-a
121-1,121,3-a
122-1,122,3-a
131-1,131,3-a
131-1,131,3-a
131-1,131,3-a
131-1,131,3-a
131-1,131,3-a
132-1,132,3-a
129-1,129,3-a
132-1,132,3-a
131-1,131,3-a
132-1,132,3-a
133-1,133,3-a
134-1,134,3-b
135-1,135,3-b
161-1,161,3-b
137-1,137,3-b
166-1,166,3-b
139-1,139,3-b
161-1,161,3-b
161-1,161,3-b
142-1,142,3-b
144-1,144,3-b
144-1,144,3-b
145-1,145,3-b
146-1,146,3-b
147-1,147,3-b
148-1,148,3-b
149-1,149,3-b
161-1,161,3-b
161-1,161,3-b
161-1,161,3-b
153-1,153,3-b
154-1,154,3-b
166-1,166,3-b
161-1,161,3-b
161-1,161,3-b
161-1,161,3-b
161-1,161,3-b
161-1,161,3-b
161-1,161,3-b
165-1,165,3-b
163-1,163,3-b
165-1,165,3-b
165-1,165,3-b
166-1,166,3-b
167-1,167,3-b
168-1,168,3-b
169-1,169,3-b
170-1,170,61-a
171-1,171,61-b
209-1,209,61-b
212-1,212,61-b
212-1,212,61-b
212-1,212,61-b
212-1,212,61-b
212-1,212,61-b
179-1,179,61-b
179-1,179,61-b
209-1,209,61-b
212-1,212,61-b
212-1,212,61-b
183-1,183,61-b
212-1,212,61-b
212-1,212,61-b
212-1,212,61-b
212-1,212,61-b
209-1,209,61-b
189-1,189,61-b
212-1,212,61-b
212-1,212,61-b
212-1,212,61-b
212-1,212,61-b
212-1,212,61-b
209-1,209,61-b
212-1,212,61-b
212-1,212,61-b
212-1,212,61-b
199-1,199,61-b
212-1,212,61-b
212-1,212,61-b
212-1,212,61-b
212-1,212,61-b
212-1,212,61-b
212-1,212,61-b
209-1,209,61-b
212-1,212,61-b
212-1,212,61-b
209-1,209,61-b
212-1,212,61-b
212-1,212,61-b
212-1,212,61-b
213-1,213,61-c
214-1,214,61-d
215-1,215,61-e
216-1,216,61-e
217-1,217,61-g
218-1,218,61-h
219-1,219,61-i
220-1,220,2-a
222-1,222,2-a
222-1,222,2-a
251-1,251,2-a
243-1,243,2-a
251-1,251,2-a
251-1,251,2-a
251-1,251,2-a
251-1,251,2-a
251-1,251,2-a
251-1,251,2-a
251-1,251,2-a
251-1,251,2-a
251-1,251,2-a
251-1,251,2-a
251-1,251,2-a
251-1,251,2-a
251-1,251,2-a
251-1,251,2-a
251-1,251,2-a
251-1,251,2-a
251-1,251,2-a
251-1,251,2-a
243-1,243,2-a
251-1,251,2-a
251-1,251,2-a
251-1,251,2-a
251-1,251,2-a
248-1,248,2-a
251-1,251,2-a
251-1,251,2-a
251-1,251,2-a
252-1,252,2-a
253-1,253,2-b
255-1,255,2-b
255-1,255,2-b
265-1,265,2-b
257-1,257,2-b
265-1,265,2-b
265-1,265,2-b
265-1,265,2-b
265-1,265,2-b
265-1,265,2-b
265-1,265,2-b
265-1,265,2-b
265-1,265,2-b
266-1,266,2-b
267-1,267,2-c
3198-1,3198,2-d
269-1,269,2-e
270-1,270,2-f
271-1,271,2-f
272-1,272,2-f
273-1,273,32-a
274-1,274,32-b
308-1,308,32-b
307-1,307,32-b
307-1,307,32-b
280-1,280,32-b
452-1,452,32-b
280-1,280,32-b
307-1,307,32-b
307-1,307,32-b
452-1,452,32-b
452-1,452,32-b
285-1,285,32-b
452-1,452,32-b
287-1,287,32-b
288-1,288,32-b
289-1,289,32-b
307-1,307,32-b
291-1,291,32-b
307-1,307,32-b
307-1,307,32-b
294-1,294,32-b
307-1,307,32-b
307-1,307,32-b
297-1,297,32-b
298-1,298,32-b
506-1,506,32-b
300-1,300,32-b
307-1,307,32-b
452-1,452,32-b
452-1,452,32-b
307-1,307,32-b
307-1,307,32-b
306-1,306,32-b
307-1,307,32-b
308-1,308,32-b
309-1,309,32-b
310-1,310,32-b
311-1,311,32-b
452-1,452,32-b
313-1,313,32-b
314-1,314,32-b
2414-1,2414,32-c
2414-1,2414,32-c
317-1,317,32-c
2426-1,2426,32-d
2428-1,2428,32-d
2420-1,2420,32-d
2428-1,2428,32-d
2428-1,2428,32-d
2428-1,2428,32-d
324-1,324,32-e
325-1,325,32-f
2445-1,2445,32-g
2443-1,2443,32-g
2445-1,2445,32-g
2445-1,2445,32-g
2447-1,2447,32-h
1071-1,1071,32-h
332-1,332,32-h
333-1,333,32-i
334-1,334,32-j
2461-1,2461,32-k
2461-1,2461,32-k
2466-1,2466,32-l
2466-1,2466,32-l
2465-1,2465,32-l
2466-1,2466,32-l
341-1,341,32-m
342-1,342,32-n
516-1,516,32-o
381-1,381,4-a
381-1,381,4-a
346-1,346,4-a
351-1,351,4-a
348-1,348,4-a
349-1,349,4-a
351-1,351,4-a
351-1,351,4-a
381-1,381,4-a
381-1,381,4-a
381-1,381,4-a
381-1,381,4-a
381-1,381,4-a
381-1,381,4-a
381-1,381,4-a
381-1,381,4-a
381-1,381,4-a
381-1,381,4-a
381-1,381,4-a
363-1,363,4-a
381-1,381,4-a
386-1,386,4-a
381-1,381,4-a
381-1,381,4-a
384-1,384,4-a
381-1,381,4-a
381-1,381,4-a
371-1,371,4-a
381-1,381,4-a
381-1,381,4-a
374-1,374,4-a
386-1,386,4-a
381-1,381,4-a
377-1,377,4-a
381-1,381,4-a
381-1,381,4-a
381-1,381,4-a
381-1,381,4-a
382-1,382,4-a
383-1,383,4-a
384-1,384,4-a
385-1,385,4-a
386-1,386,4-a
389-1,389,4-b
388-1,388,4-b
389-1,389,4-b
390-1,390,4-b
391-1,391,4-c
392-1,392,4-d
394-1,394,4-e
394-1,394,4-e
395-1,395,NA
3049-1,3049,63-a
3049-1,3049,63-a
3049-1,3049,63-a
3049-1,3049,63-a
3049-1,3049,63-a
401-1,401,63-a
3049-1,3049,63-a
3049-1,3049,63-a
3049-1,3049,63-a
3049-1,3049,63-a
3049-1,3049,63-a
3049-1,3049,63-a
3049-1,3049,63-a
3049-1,3049,63-a
3049-1,3049,63-a
3049-1,3049,63-a
3049-1,3049,63-a
3049-1,3049,63-a
3049-1,3049,63-a
3049-1,3049,63-a
3049-1,3049,63-a
3049-1,3049,63-a
3049-1,3049,63-a
3049-1,3049,63-a
3049-1,3049,63-a
3049-1,3049,63-a
3049-1,3049,63-a
3049-1,3049,63-a
3049-1,3049,63-a
3049-1,3049,63-a
3049-1,3049,63-a
3049-1,3049,63-a
3049-1,3049,63-a
3049-1,3049,63-a
3049-1,3049,63-a
3049-1,3049,63-a
3049-1,3049,63-a
433-1,433,63-a
3049-1,3049,63-a
3049-1,3049,63-a
3049-1,3049,63-a
3049-1,3049,63-a
3049-1,3049,63-a
3049-1,3049,63-a
2307-1,2307,63-b
3296-1,3296,63-c
3258-1,3258,63-d
3436-1,3436,63-d
3436-1,3436,63-d
3436-1,3436,63-d
446-1,446,63-d
3298-1,3298,63-e
3298-1,3298,63-e
449-1,449,NA
450-1,450,48-a
451-1,451,48-b
452-1,452,48-c
2412-1,2412,48-c
2412-1,2412,48-c
455-1,455,48-d
2414-1,2414,48-d
457-1,457,48-e
2420-1,2420,48-e
2428-1,2428,48-e
2426-1,2426,48-e
2428-1,2428,48-e
462-1,462,?
463-1,463,?
1366-1,1366,48-f
465-1,465,48-g
466-1,466,48-g
467-1,467,48-h
2460-1,2460,48-i
493-1,493,48-i
494-1,494,48-i
493-1,493,48-i
472-1,472,48-i
494-1,494,48-i
494-1,494,48-i
2457-1,2457,48-i
493-1,493,48-i
480-1,480,48-i
494-1,494,48-i
479-1,479,48-i
480-1,480,48-i
494-1,494,48-i
482-1,482,48-i
2460-1,2460,48-i
493-1,493,48-i
494-1,494,48-i
493-1,493,48-i
487-1,487,48-i
494-1,494,48-i
493-1,493,48-i
494-1,494,48-i
494-1,494,48-i
493-1,493,48-i
493-1,493,48-i
494-1,494,48-i
495-1,495,48-i
496-1,496,48-i
497-1,497,48-i
498-1,498,48-i
499-1,499,48-i
503-1,503,48-j
503-1,503,48-j
502-1,502,48-j
503-1,503,48-j
2436-1,2436,48-k
505-1,505,48-l
506-1,506,48-m
507-1,507,48-n
508-1,508,48-o
509-1,509,48-p
510-1,510,48-q
511-1,511,48-r
2466-1,2466,48-s
3589-1,3589,48-t
514-1,514,48-u
515-1,515,48-v
516-1,516,48-w
517-1,517,34-a
518-1,518,34-b
519-1,519,34-c
559-1,559,34-c
558-1,558,34-c
550-1,550,34-c
559-1,559,34-c
559-1,559,34-c
559-1,559,34-c
526-1,526,34-c
559-1,559,34-c
559-1,559,34-c
559-1,559,34-c
559-1,559,34-c
559-1,559,34-c
559-1,559,34-c
559-1,559,34-c
550-1,550,34-c
559-1,559,34-c
559-1,559,34-c
559-1,559,34-c
538-1,538,34-c
559-1,559,34-c
559-1,559,34-c
541-1,541,34-c
550-1,550,34-c
550-1,550,34-c
559-1,559,34-c
559-1,559,34-c
546-1,546,34-c
559-1,559,34-c
559-1,559,34-c
550-1,550,34-c
550-1,550,34-c
559-1,559,34-c
556-1,556,34-c
561-1,561,34-c
556-1,556,34-c
557-1,557,34-c
556-1,556,34-c
557-1,557,34-c
558-1,558,34-c
559-1,559,34-c
560-1,560,34-c
561-1,561,34-c
562-1,562,34-d
563-1,563,34-e
564-1,564,NA
565-1,565,NA
566-1,566,NA
567-1,567,NA
568-1,568,NA
569-1,569,NA
570-1,570,NA
571-1,571,NA
572-1,572,NA
573-1,573,NA
574-1,574,NA
575-1,575,NA
576-1,576,NA
577-1,577,NA
3484-1,3484,NA
579-1,579,64-a
621-1,621,64-a
3246-1,3246,64-a
3246-1,3246,64-a
583-1,583,64-a
3244-1,3244,64-a
3246-1,3246,64-a
3246-1,3246,64-a
3246-1,3246,64-a
3246-1,3246,64-a
3246-1,3246,64-a
621-1,621,64-a
3246-1,3246,64-a
592-1,592,64-a
621-1,621,64-a
3246-1,3246,64-a
3246-1,3246,64-a
3246-1,3246,64-a
3246-1,3246,64-a
3246-1,3246,64-a
3246-1,3246,64-a
600-1,600,64-a
3246-1,3246,64-a
3246-1,3246,64-a
3246-1,3246,64-a
3246-1,3246,64-a
605-1,605,64-a
621-1,621,64-a
621-1,621,64-a
3246-1,3246,64-a
3246-1,3246,64-a
3246-1,3246,64-a
3246-1,3246,64-a
3246-1,3246,64-a
618-1,618,64-a
3246-1,3246,64-a
3246-1,3246,64-a
616-1,616,64-a
621-1,621,64-a
618-1,618,64-a
619-1,619,64-a
3246-1,3246,64-a
621-1,621,64-a
622-1,622,64-b
3484-1,3484,NA
3484-1,3484,NA
3484-1,3484,NA
3484-1,3484,NA
3484-1,3484,NA
628-1,628,56-a
629-1,629,56-b
3559-1,3559,56-b
3574-1,3574,56-c
633-1,633,56-c
633-1,633,56-c
634-1,634,56-d
667-1,667,56-e
3579-1,3579,56-e
3579-1,3579,56-e
3579-1,3579,56-e
3579-1,3579,56-e
3579-1,3579,56-e
3579-1,3579,56-e
3579-1,3579,56-e
3579-1,3579,56-e
3579-1,3579,56-e
3579-1,3579,56-e
3579-1,3579,56-e
3579-1,3579,56-e
3579-1,3579,56-e
3579-1,3579,56-e
3579-1,3579,56-e
651-1,651,56-e
652-1,652,56-e
3579-1,3579,56-e
3579-1,3579,56-e
3579-1,3579,56-e
3579-1,3579,56-e
3579-1,3579,56-e
3579-1,3579,56-e
659-1,659,56-e
3579-1,3579,56-e
3579-1,3579,56-e
3579-1,3579,56-e
3579-1,3579,56-e
3579-1,3579,56-e
3579-1,3579,56-e
3579-1,3579,56-e
667-1,667,56-e
3579-1,3579,56-e
669-1,669,56-e
670-1,670,56-e
3584-1,3584,56-f
672-1,672,56-g
673-1,673,56-h
674-1,674,56-i
675-1,675,56-j
677-1,677,56-l
677-1,677,56-l
678-1,678,56-l
679-1,679,56-m
680-1,680,56-n
1329-1,1329,NA
682-1,682,NA
683-1,683,NA
684-1,684,NA
685-1,685,NA
686-1,686,56-o
2631-1,2631,51-a
2631-1,2631,51-a
2638-1,2638,51-a
2628-1,2628,51-a
2628-1,2628,51-a
2628-1,2628,51-a
693-1,693,51-a
2631-1,2631,51-a
2631-1,2631,51-a
2628-1,2628,51-a
2638-1,2638,51-a
2638-1,2638,51-a
2628-1,2628,51-a
2628-1,2628,51-a
725-1,725,51-a
702-1,702,51-a
703-1,703,51-a
2631-1,2631,51-a
2631-1,2631,51-a
2631-1,2631,51-a
2631-1,2631,51-a
2631-1,2631,51-a
2631-1,2631,51-a
710-1,710,51-a
2615-1,2615,51-a
2631-1,2631,51-a
2631-1,2631,51-a
2631-1,2631,51-a
2631-1,2631,51-a
2631-1,2631,51-a
2631-1,2631,51-a
719-1,719,51-a
719-1,719,51-a
2638-1,2638,51-a
2638-1,2638,51-a
722-1,722,51-a
2631-1,2631,51-a
2631-1,2631,51-a
725-1,725,51-a
2631-1,2631,51-a
2631-1,2631,51-a
2639-1,2639,51-a
2639-1,2639,51-a
2639-1,2639,51-a
2639-1,2639,51-a
2628-1,2628,51-a
2638-1,2638,51-a
734-1,734,51-a
735-1,735,51-a
736-1,736,22-a
737-1,737,22-a
768-1,768,22-a
768-1,768,22-a
740-1,740,22-a
783-1,783,22-a
782-1,782,22-a
782-1,782,22-a
744-1,744,22-a
783-1,783,22-a
782-1,782,22-a
783-1,783,22-a
782-1,782,22-a
782-1,782,22-a
782-1,782,22-a
768-1,768,22-a
764-1,764,22-a
753-1,753,22-a
768-1,768,22-a
755-1,755,22-a
782-1,782,22-a
782-1,782,22-a
782-1,782,22-a
782-1,782,22-a
760-1,760,22-a
782-1,782,22-a
762-1,762,22-a
763-1,763,22-a
764-1,764,22-a
782-1,782,22-a
782-1,782,22-a
783-1,783,22-a
768-1,768,22-a
769-1,769,22-a
783-1,783,22-a
782-1,782,22-a
782-1,782,22-a
782-1,782,22-a
782-1,782,22-a
782-1,782,22-a
776-1,776,22-a
782-1,782,22-a
780-1,780,22-a
779-1,779,22-a
780-1,780,22-a
781-1,781,22-a
782-1,782,22-a
783-1,783,22-a
784-1,784,22-a
785-1,785,22-b
786-1,786,22-c
787-1,787,7-a
788-1,788,7-b
789-1,789,7-b
790-1,790,7-b
833-1,833,7-c
809-1,809,7-c
793-1,793,7-c
794-1,794,7-c
827-1,827,7-c
796-1,796,7-c
809-1,809,7-c
798-1,798,7-c
799-1,799,7-c
800-1,800,7-c
801-1,801,7-c
809-1,809,7-c
803-1,803,7-c
807-1,807,7-c
828-1,828,7-c
806-1,806,7-c
807-1,807,7-c
808-1,808,7-c
809-1,809,7-c
812-1,812,7-c
811-1,811,7-c
812-1,812,7-c
828-1,828,7-c
814-1,814,7-c
827-1,827,7-c
828-1,828,7-c
828-1,828,7-c
827-1,827,7-c
828-1,828,7-c
820-1,820,7-c
821-1,821,7-c
833-1,833,7-c
823-1,823,7-c
827-1,827,7-c
828-1,828,7-c
828-1,828,7-c
827-1,827,7-c
828-1,828,7-c
829-1,829,7-c
830-1,830,7-c
831-1,831,7-c
835-1,835,7-c
833-1,833,7-c
834-1,834,7-c
835-1,835,7-c
836-1,836,7-c
837-1,837,7-d
838-1,838,7-d
911-1,911,35-a
911-1,911,35-a
917-1,917,35-a
911-1,911,35-a
917-1,917,35-a
911-1,911,35-a
911-1,911,35-a
911-1,911,35-a
911-1,911,35-a
911-1,911,35-a
849-1,849,35-a
911-1,911,35-a
870-1,870,35-a
911-1,911,35-a
3049-1,3049,35-a
911-1,911,35-a
911-1,911,35-a
911-1,911,35-a
911-1,911,35-a
911-1,911,35-a
1043-1,1043,35-a
1043-1,1043,35-a
1043-1,1043,35-a
1043-1,1043,35-a
3049-1,3049,35-a
911-1,911,35-a
911-1,911,35-a
911-1,911,35-a
911-1,911,35-a
1043-1,1043,35-a
911-1,911,35-a
870-1,870,35-a
911-1,911,35-a
911-1,911,35-a
911-1,911,35-a
874-1,874,35-a
876-1,876,35-a
876-1,876,35-a
877-1,877,35-a
911-1,911,35-a
879-1,879,35-a
880-1,880,35-b
881-1,881,35-c
882-1,882,35-d
884-1,884,35-e
884-1,884,35-e
3044-1,3044,35-f
886-1,886,35-g
887-1,887,35-h
888-1,888,NA
889-1,889,NA
890-1,890,NA
891-1,891,NA
1043-1,1043,31-a
1043-1,1043,31-a
1043-1,1043,31-a
1043-1,1043,31-a
1043-1,1043,31-a
1043-1,1043,31-a
1043-1,1043,31-a
1043-1,1043,31-a
1043-1,1043,31-a
1043-1,1043,31-a
1043-1,1043,31-a
1043-1,1043,31-a
3049-1,3049,31-a
1043-1,1043,31-a
1043-1,1043,31-a
1043-1,1043,31-a
1043-1,1043,31-a
1043-1,1043,31-a
1043-1,1043,31-a
911-1,911,31-a
1043-1,1043,31-a
1043-1,1043,31-a
1043-1,1043,31-a
1043-1,1043,31-a
1043-1,1043,31-a
917-1,917,31-a
918-1,918,31-b
3484-1,3484,NA
3484-1,3484,NA
3484-1,3484,NA
3484-1,3484,NA
3484-1,3484,NA
3484-1,3484,NA
3484-1,3484,NA
3484-1,3484,NA
3484-1,3484,NA
3484-1,3484,NA
3484-1,3484,NA
3484-1,3484,NA
3484-1,3484,NA
3484-1,3484,NA
3484-1,3484,NA
3484-1,3484,NA
3484-1,3484,NA
3484-1,3484,NA
3484-1,3484,NA
3484-1,3484,NA
3484-1,3484,NA
3484-1,3484,NA
969-1,969,62-a
969-1,969,62-a
944-1,944,62-a
944-1,944,62-a
945-1,945,62-a
969-1,969,62-a
969-1,969,62-a
948-1,948,62-a
969-1,969,62-a
969-1,969,62-a
969-1,969,62-a
969-1,969,62-a
969-1,969,62-a
969-1,969,62-a
969-1,969,62-a
969-1,969,62-a
969-1,969,62-a
969-1,969,62-a
966-1,966,62-a
960-1,960,62-a
966-1,966,62-a
969-1,969,62-a
969-1,969,62-a
969-1,969,62-a
969-1,969,62-a
966-1,966,62-a
969-1,969,62-a
969-1,969,62-a
969-1,969,62-a
970-1,970,62-a
971-1,971,62-b
972-1,972,62-b
974-1,974,62-b
974-1,974,62-b
975-1,975,62-c
976-1,976,62-d
978-1,978,62-e
978-1,978,62-e
979-1,979,62-f
980-1,980,62-f
981-1,981,62-f
982-1,982,62-f
983-1,983,62-g
984-1,984,62-h
985-1,985,62-i
992-1,992,62-i
987-1,987,62-i
992-1,992,62-i
989-1,989,62-i
992-1,992,62-i
992-1,992,62-i
992-1,992,62-i
993-1,993,62-i
994-1,994,62-i
995-1,995,62-j
996-1,996,10-a
997-1,997,10-b
998-1,998,10-c
999-1,999,10-c
2440-1,2440,10-d
1001-1,1001,10-d
2440-1,2440,10-d
2440-1,2440,10-d
1004-1,1004,10-d
1010-1,1010,10-d
1006-1,1006,10-d
1033-1,1033,10-d
2440-1,2440,10-d
2440-1,2440,10-d
1010-1,1010,10-d
2446-1,2446,10-d
2446-1,2446,10-d
2440-1,2440,10-d
2309-1,2309,10-d
2446-1,2446,10-d
1016-1,1016,10-d
1017-1,1017,10-d
2440-1,2440,10-d
2440-1,2440,10-d
2440-1,2440,10-d
2309-1,2309,10-d
1033-1,1033,10-d
2440-1,2440,10-d
1033-1,1033,10-d
2309-1,2309,10-d
2440-1,2440,10-d
1027-1,1027,10-d
2446-1,2446,10-d
1029-1,1029,10-d
2440-1,2440,10-d
1031-1,1031,10-d
2309-1,2309,10-d
1033-1,1033,10-d
2440-1,2440,10-d
2445-1,2445,10-d
2443-1,2443,10-d
2445-1,2445,10-d
2445-1,2445,10-d
2446-1,2446,10-d
1042-1,1042,10-d
1041-1,1041,10-d
1042-1,1042,10-d
1043-1,1043,10-e
1047-1,1047,10-f
1047-1,1047,10-f
1047-1,1047,10-f
1047-1,1047,10-f
1048-1,1048,10-g
1049-1,1049,10-g
1050-1,1050,10-h
1052-1,1052,10-h
1052-1,1052,10-h
1053-1,1053,10-i
1054-1,1054,10-j
1058-1,1058,10-k
1058-1,1058,10-k
1058-1,1058,10-k
1058-1,1058,10-k
1059-1,1059,10-l
1061-1,1061,10-m
1061-1,1061,10-m
1062-1,1062,10-n
1063-1,1063,NA
2428-1,2428,36-a
1065-1,1065,36-b
1067-1,1067,36-b
1067-1,1067,36-b
1366-1,1366,36-c
1069-1,1069,36-d
1070-1,1070,36-e
1071-1,1071,36-f
2453-1,2453,36-f
2453-1,2453,36-f
2453-1,2453,36-f
2453-1,2453,36-f
1076-1,1076,36-f
2453-1,2453,36-f
2453-1,2453,36-f
1079-1,1079,36-f
1080-1,1080,36-g
1144-1,1144,36-h
1144-1,1144,36-h
1083-1,1083,36-i
1100-1,1100,36-j
1101-1,1101,36-j
1086-1,1086,36-j
1099-1,1099,36-j
1099-1,1099,36-j
1100-1,1100,36-j
1090-1,1090,36-j
1101-1,1101,36-j
1100-1,1100,36-j
1099-1,1099,36-j
1100-1,1100,36-j
1100-1,1100,36-j
1100-1,1100,36-j
1101-1,1101,36-j
1101-1,1101,36-j
1099-1,1099,36-j
1100-1,1100,36-j
1101-1,1101,36-j
1156-1,1156,36-j
1103-1,1103,36-j
1108-1,1108,36-k
1105-1,1105,36-k
1106-1,1106,36-k
1107-1,1107,36-k
1108-1,1108,36-k
1115-1,1115,36-l
1113-1,1113,36-l
1115-1,1115,36-l
1115-1,1115,36-l
1113-1,1113,36-l
1114-1,1114,36-l
1115-1,1115,36-l
1116-1,1116,36-l
1117-1,1117,36-m
1168-1,1168,36-m
1168-1,1168,36-m
2237-1,2237,36-n
1121-1,1121,NA
1124-1,1124,23-a
1124-1,1124,23-a
1124-1,1124,23-a
1126-1,1126,23-b
1126-1,1126,23-b
1127-1,1127,23-c
1141-1,1141,23-c
1141-1,1141,23-c
1141-1,1141,23-c
1141-1,1141,23-c
1141-1,1141,23-c
1141-1,1141,23-c
1141-1,1141,23-c
1141-1,1141,23-c
1141-1,1141,23-c
1141-1,1141,23-c
1141-1,1141,23-c
1141-1,1141,23-c
2454-1,2454,23-c
1141-1,1141,23-c
2453-1,2453,23-c
1143-1,1143,23-d
1144-1,1144,23-e
1151-1,1151,23-f
1147-1,1147,23-f
1147-1,1147,23-f
1151-1,1151,23-f
1149-1,1149,23-f
1150-1,1150,23-f
1151-1,1151,23-f
1156-1,1156,23-f
1156-1,1156,23-f
1154-1,1154,23-f
1155-1,1155,23-f
1156-1,1156,23-f
1157-1,1157,23-f
1163-1,1163,23-g
1159-1,1159,23-g
1163-1,1163,23-g
1163-1,1163,23-g
1162-1,1162,23-g
1163-1,1163,23-g
1164-1,1164,23-g
1165-1,1165,23-g
1166-1,1166,23-h
1167-1,1167,23-h
1168-1,1168,23-h
1169-1,1169,23-h
1171-1,1171,23-i
1171-1,1171,23-i
1172-1,1172,52-a
1173-1,1173,52-a
1174-1,1174,52-b
1175-1,1175,52-b
1176-1,1176,52-b
1184-1,1184,52-b
1219-1,1219,52-b
1179-1,1179,52-b
1184-1,1184,52-b
1181-1,1181,52-b
1182-1,1182,52-b
1183-1,1183,52-b
1184-1,1184,52-b
1219-1,1219,52-b
1219-1,1219,52-b
1219-1,1219,52-b
1219-1,1219,52-b
1219-1,1219,52-b
1190-1,1190,52-b
1219-1,1219,52-b
1192-1,1192,52-b
1219-1,1219,52-b
1219-1,1219,52-b
1219-1,1219,52-b
1219-1,1219,52-b
1219-1,1219,52-b
1219-1,1219,52-b
1219-1,1219,52-b
1219-1,1219,52-b
1219-1,1219,52-b
1219-1,1219,52-b
1219-1,1219,52-b
1219-1,1219,52-b
1219-1,1219,52-b
1219-1,1219,52-b
1219-1,1219,52-b
1219-1,1219,52-b
1219-1,1219,52-b
1219-1,1219,52-b
1219-1,1219,52-b
1219-1,1219,52-b
1219-1,1219,52-b
1219-1,1219,52-b
1219-1,1219,52-b
1219-1,1219,52-b
1219-1,1219,52-b
1219-1,1219,52-b
1219-1,1219,52-b
1220-1,1220,52-b
1221-1,1221,52-b
1222-1,1222,52-b
1262-1,1262,39-a
1224-1,1224,39-a
1225-1,1225,39-a
1256-1,1256,39-a
1256-1,1256,39-a
1256-1,1256,39-a
1256-1,1256,39-a
1256-1,1256,39-a
1256-1,1256,39-a
1256-1,1256,39-a
1256-1,1256,39-a
1256-1,1256,39-a
1256-1,1256,39-a
1236-1,1236,39-a
1237-1,1237,39-a
1238-1,1238,39-a
1239-1,1239,39-a
1240-1,1240,39-a
1241-1,1241,39-a
1242-1,1242,39-a
1256-1,1256,39-a
1244-1,1244,39-a
1256-1,1256,39-a
1256-1,1256,39-a
1247-1,1247,39-a
1256-1,1256,39-a
1262-1,1262,39-a
1256-1,1256,39-a
1261-1,1261,39-a
1262-1,1262,39-a
1256-1,1256,39-a
1254-1,1254,39-a
1255-1,1255,39-a
1256-1,1256,39-a
1257-1,1257,39-a
1258-1,1258,39-a
1260-1,1260,39-a
1260-1,1260,39-a
1261-1,1261,39-a
1262-1,1262,39-a
1263-1,1263,39-a
1264-1,1264,39-a
1265-1,1265,39-a
1266-1,1266,39-b
1267-1,1267,39-c
1268-1,1268,39-c
1269-1,1269,39-c
1270-1,1270,39-d
1271-1,1271,39-e
1272-1,1272,39-e
1273-1,1273,39-f
1274-1,1274,39-g
1275-1,1275,39-g
1276-1,1276,39-g
1281-1,1281,39-g
1280-1,1280,39-g
1279-1,1279,39-g
1280-1,1280,39-g
1281-1,1281,39-g
1282-1,1282,39-g
1283-1,1283,39-h
1287-1,1287,42-a
1285-1,1285,42-a
1286-1,1286,42-a
1287-1,1287,42-a
1288-1,1288,42-a
1289-1,1289,42-a
1290-1,1290,42-a
1291-1,1291,42-a
1292-1,1292,42-a
1293-1,1293,42-a
1294-1,1294,42-a
1295-1,1295,42-a
1312-1,1312,42-a
1308-1,1308,42-a
1307-1,1307,42-a
1299-1,1299,42-a
1307-1,1307,42-a
1301-1,1301,42-a
1302-1,1302,42-a
1303-1,1303,42-a
1304-1,1304,42-a
1308-1,1308,42-a
1308-1,1308,42-a
1307-1,1307,42-a
1308-1,1308,42-a
1309-1,1309,42-a
1311-1,1311,42-a
1311-1,1311,42-a
1312-1,1312,42-a
1313-1,1313,42-a
1314-1,1314,42-a
1315-1,1315,42-a
1316-1,1316,42-a
1317-1,1317,42-a
1318-1,1318,42-b
1327-1,1327,42-c
1326-1,1326,42-c
1326-1,1326,42-c
1322-1,1322,42-c
1326-1,1326,42-c
1327-1,1327,42-c
1325-1,1325,42-c
1326-1,1326,42-c
1327-1,1327,42-c
1328-1,1328,42-c
1329-1,1329,42-d
1332-1,1332,42-d
1334-1,1334,42-d
1332-1,1332,42-d
1334-1,1334,42-d
1334-1,1334,42-d
1335-1,1335,42-d
1341-1,1341,42-e
1337-1,1337,42-e
1338-1,1338,42-e
1341-1,1341,42-e
1340-1,1340,42-e
1341-1,1341,42-e
1342-1,1342,NA
1343-1,1343,NA
1344-1,1344,NA
1345-1,1345,NA
1346-1,1346,NA
1347-1,1347,NA
1348-1,1348,?
1349-1,1349,?
1350-1,1350,29-a
1354-1,1354,29-a
1354-1,1354,29-a
1354-1,1354,29-a
1354-1,1354,29-a
1355-1,1355,29-a
1358-1,1358,29-a
1358-1,1358,29-a
1358-1,1358,29-a
1360-1,1360,29-a
1360-1,1360,29-a
1361-1,1361,29-b
1362-1,1362,29-c
1363-1,1363,29-d
1364-1,1364,29-e
1365-1,1365,29-f
1366-1,1366,29-g
1367-1,1367,29-h
2432-1,2432,29-i
2432-1,2432,29-i
1370-1,1370,29-j
1371-1,1371,29-k
1372-1,1372,29-k
1373-1,1373,29-l
1374-1,1374,29-m
1375-1,1375,29-m
1376-1,1376,29-m
1377-1,1377,29-n
1457-1,1457,29-n
1458-1,1458,29-n
1383-1,1383,NA
3339-1,3339,NA
1382-1,1382,NA
1383-1,1383,NA
1384-1,1384,NA
1385-1,1385,NA
1386-1,1386,NA
1387-1,1387,NA
1388-1,1388,NA
1389-1,1389,NA
1390-1,1390,NA
1391-1,1391,NA
1392-1,1392,29-o
1395-1,1395,29-p
1395-1,1395,29-p
1395-1,1395,29-p
1396-1,1396,29-p
1397-1,1397,29-p
1398-1,1398,29-q
1399-1,1399,29-q
1400-1,1400,29-q
1401-1,1401,29-q
1438-1,1438,29-q
1438-1,1438,29-q
1404-1,1404,29-q
1454-1,1454,29-q
1454-1,1454,29-q
1407-1,1407,29-r
1408-1,1408,29-s
1409-1,1409,29-t
1410-1,1410,29-t
1411-1,1411,29-u
1412-1,1412,29-v
1413-1,1413,?
1414-1,1414,?
1415-1,1415,?
1416-1,1416,17-a
1418-1,1418,17-a
1418-1,1418,17-a
1419-1,1419,17-a
1420-1,1420,17-a
1421-1,1421,17-a
1424-1,1424,17-a
1423-1,1423,17-a
1424-1,1424,17-a
1425-1,1425,17-a
1426-1,1426,17-b
1428-1,1428,17-c
1428-1,1428,17-c
1429-1,1429,17-d
1430-1,1430,17-e
1431-1,1431,17-f
1432-1,1432,17-g
1433-1,1433,17-g
1434-1,1434,17-h
1435-1,1435,17-i
1436-1,1436,17-i
1437-1,1437,17-j
1438-1,1438,17-j
1439-1,1439,17-j
1440-1,1440,17-j
1441-1,1441,17-k
1442-1,1442,17-k
1443-1,1443,17-k
1444-1,1444,17-l
1445-1,1445,17-m
1446-1,1446,17-n
1447-1,1447,NA
1448-1,1448,NA
1449-1,1449,NA
1450-1,1450,NA
1451-1,1451,NA
1452-1,1452,NA
1454-1,1454,17-o
1454-1,1454,17-o
1458-1,1458,17-o
1458-1,1458,17-o
1457-1,1457,17-o
1458-1,1458,17-o
1460-1,1460,17-o
1460-1,1460,17-o
1461-1,1461,17-o
1462-1,1462,17-o
1463-1,1463,17-o
1464-1,1464,17-o
1472-1,1472,17-p
1472-1,1472,17-p
1472-1,1472,17-p
1468-1,1468,17-p
1472-1,1472,17-p
1472-1,1472,17-p
1472-1,1472,17-p
1472-1,1472,17-p
1473-1,1473,17-p
1474-1,1474,17-q
1476-1,1476,17-r
1476-1,1476,17-r
1477-1,1477,17-s
1478-1,1478,8-a
1481-1,1481,8-b
1480-1,1480,8-b
1481-1,1481,8-b
1482-1,1482,8-c
1483-1,1483,8-c
1484-1,1484,8-c
1487-1,1487,8-c
1486-1,1486,8-c
1487-1,1487,8-c
1488-1,1488,8-d
1489-1,1489,8-e
1540-1,1540,8-e
1540-1,1540,8-e
1540-1,1540,8-e
1495-1,1495,8-e
1540-1,1540,8-e
1495-1,1495,8-e
1540-1,1540,8-e
1540-1,1540,8-e
1540-1,1540,8-e
1540-1,1540,8-e
1540-1,1540,8-e
1540-1,1540,8-e
1540-1,1540,8-e
1540-1,1540,8-e
1540-1,1540,8-e
1540-1,1540,8-e
1540-1,1540,8-e
1540-1,1540,8-e
1540-1,1540,8-e
1540-1,1540,8-e
1512-1,1512,8-e
1540-1,1540,8-e
1512-1,1512,8-e
1540-1,1540,8-e
1540-1,1540,8-e
1540-1,1540,8-e
1540-1,1540,8-e
1540-1,1540,8-e
1540-1,1540,8-e
1540-1,1540,8-e
1540-1,1540,8-e
1540-1,1540,8-e
1540-1,1540,8-e
1523-1,1523,8-e
1524-1,1524,8-e
1540-1,1540,8-e
1537-1,1537,8-e
1540-1,1540,8-e
1537-1,1537,8-e
1540-1,1540,8-e
1540-1,1540,8-e
1540-1,1540,8-e
1540-1,1540,8-e
1540-1,1540,8-e
1534-1,1534,8-e
1540-1,1540,8-e
1540-1,1540,8-e
1537-1,1537,8-e
1540-1,1540,8-e
1540-1,1540,8-e
1540-1,1540,8-e
1541-1,1541,8-f
1542-1,1542,8-g
1543-1,1543,8-h
1544-1,1544,8-h
1545-1,1545,8-h
1580-1,1580,33-a
1547-1,1547,33-a
1548-1,1548,33-a
1549-1,1549,33-a
1550-1,1550,33-a
1551-1,1551,33-a
1552-1,1552,33-a
1586-1,1586,33-a
1554-1,1554,33-a
1555-1,1555,33-a
1566-1,1566,33-a
1566-1,1566,33-a
1558-1,1558,33-a
1566-1,1566,33-a
1582-1,1582,33-a
1561-1,1561,33-a
1565-1,1565,33-a
1584-1,1584,33-a
1564-1,1564,33-a
1565-1,1565,33-a
1566-1,1566,33-a
1582-1,1582,33-a
1584-1,1584,33-a
1569-1,1569,33-a
1584-1,1584,33-a
1584-1,1584,33-a
1584-1,1584,33-a
1584-1,1584,33-a
1586-1,1586,33-a
1584-1,1584,33-a
1586-1,1586,33-a
1584-1,1584,33-a
1578-1,1578,33-a
1579-1,1579,33-a
1580-1,1580,33-a
1581-1,1581,33-a
1582-1,1582,33-a
1584-1,1584,33-a
1584-1,1584,33-a
1586-1,1586,33-a
1586-1,1586,33-a
1587-1,1587,33-a
1588-1,1588,33-a
1589-1,1589,33-a
1590-1,1590,33-a
1591-1,1591,33-a
1592-1,1592,33-a
1593-1,1593,33-a
1594-1,1594,33-a
2355-1,2355,55-a
1596-1,1596,55-a
1597-1,1597,55-b
1598-1,1598,55-c
1601-1,1601,55-c
1796-1,1796,55-c
1601-1,1601,55-c
1602-1,1602,55-c
1796-1,1796,55-c
1796-1,1796,55-c
1796-1,1796,55-c
1796-1,1796,55-c
1796-1,1796,55-c
1608-1,1608,55-c
1796-1,1796,55-c
1796-1,1796,55-c
1796-1,1796,55-c
1615-1,1615,55-c
1796-1,1796,55-c
1614-1,1614,55-c
1615-1,1615,55-c
1797-1,1797,55-d
1797-1,1797,55-d
1797-1,1797,55-d
1797-1,1797,55-d
1685-1,1685,55-d
1797-1,1797,55-d
1631-1,1631,55-d
1631-1,1631,55-d
1632-1,1632,55-d
1625-1,1625,55-d
1632-1,1632,55-d
1797-1,1797,55-d
1628-1,1628,55-d
1631-1,1631,55-d
1797-1,1797,55-d
1631-1,1631,55-d
1632-1,1632,55-d
1685-1,1685,55-d
1634-1,1634,55-d
1635-1,1635,55-d
1636-1,1636,55-d
1797-1,1797,55-d
1797-1,1797,55-d
1639-1,1639,55-d
1797-1,1797,55-d
1797-1,1797,55-d
1642-1,1642,55-d
1797-1,1797,55-d
1644-1,1644,55-d
1797-1,1797,55-d
1797-1,1797,55-d
1647-1,1647,55-d
1793-1,1793,55-e
1649-1,1649,55-e
1685-1,1685,46-a
1685-1,1685,46-a
1652-1,1652,46-a
1685-1,1685,46-a
1654-1,1654,46-a
1685-1,1685,46-a
1685-1,1685,46-a
1685-1,1685,46-a
1658-1,1658,46-a
1685-1,1685,46-a
1685-1,1685,46-a
1685-1,1685,46-a
1685-1,1685,46-a
1685-1,1685,46-a
1685-1,1685,46-a
1685-1,1685,46-a
1685-1,1685,46-a
1685-1,1685,46-a
1685-1,1685,46-a
1685-1,1685,46-a
1685-1,1685,46-a
1685-1,1685,46-a
1685-1,1685,46-a
1685-1,1685,46-a
1685-1,1685,46-a
1685-1,1685,46-a
1685-1,1685,46-a
1685-1,1685,46-a
1685-1,1685,46-a
1685-1,1685,46-a
1685-1,1685,46-a
1685-1,1685,46-a
1685-1,1685,46-a
1685-1,1685,46-a
1685-1,1685,46-a
1685-1,1685,46-a
3484-1,3484,NA
3484-1,3484,NA
3484-1,3484,NA
3484-1,3484,NA
3484-1,3484,NA
3484-1,3484,NA
3484-1,3484,NA
3484-1,3484,NA
3484-1,3484,NA
3484-1,3484,NA
3484-1,3484,NA
3484-1,3484,NA
3484-1,3484,NA
1699-1,1699,28-a
1700-1,1700,28-b
1701-1,1701,28-c
1744-1,1744,28-d
1744-1,1744,28-d
1704-1,1704,28-d
1705-1,1705,28-d
1706-1,1706,28-d
1707-1,1707,28-d
1708-1,1708,28-d
1709-1,1709,28-d
1712-1,1712,28-d
1744-1,1744,28-d
1712-1,1712,28-d
1744-1,1744,28-d
1744-1,1744,28-d
1744-1,1744,28-d
1744-1,1744,28-d
1744-1,1744,28-d
1744-1,1744,28-d
1744-1,1744,28-d
1744-1,1744,28-d
1744-1,1744,28-d
1744-1,1744,28-d
1744-1,1744,28-d
1744-1,1744,28-d
1744-1,1744,28-d
1744-1,1744,28-d
1744-1,1744,28-d
1744-1,1744,28-d
1744-1,1744,28-d
1744-1,1744,28-d
1744-1,1744,28-d
1744-1,1744,28-d
1744-1,1744,28-d
1744-1,1744,28-d
1744-1,1744,28-d
1744-1,1744,28-d
1744-1,1744,28-d
1744-1,1744,28-d
1739-1,1739,28-d
1744-1,1744,28-d
1744-1,1744,28-d
1744-1,1744,28-d
1744-1,1744,28-d
1744-1,1744,28-d
1745-1,1745,28-e
3484-1,3484,NA
3484-1,3484,NA
3484-1,3484,NA
3484-1,3484,NA
1750-1,1750,12-a
1793-1,1793,12-a
1793-1,1793,12-a
1767-1,1767,12-a
1754-1,1754,12-a
1767-1,1767,12-a
1767-1,1767,12-a
1767-1,1767,12-a
1793-1,1793,12-a
1793-1,1793,12-a
1793-1,1793,12-a
1793-1,1793,12-a
1793-1,1793,12-a
1793-1,1793,12-a
1793-1,1793,12-a
1793-1,1793,12-a
1793-1,1793,12-a
1767-1,1767,12-a
1793-1,1793,12-a
1793-1,1793,12-a
1793-1,1793,12-a
1793-1,1793,12-a
1793-1,1793,12-a
1793-1,1793,12-a
1793-1,1793,12-a
1775-1,1775,12-a
1793-1,1793,12-a
1793-1,1793,12-a
1793-1,1793,12-a
1793-1,1793,12-a
1793-1,1793,12-a
1781-1,1781,12-a
1793-1,1793,12-a
1793-1,1793,12-a
1793-1,1793,12-a
1793-1,1793,12-a
1793-1,1793,12-a
1793-1,1793,12-a
1788-1,1788,12-a
1793-1,1793,12-a
1790-1,1790,12-a
1793-1,1793,12-a
1793-1,1793,12-a
1793-1,1793,12-a
1794-1,1794,12-a
1796-1,1796,12-b
1796-1,1796,12-b
1797-1,1797,12-c
1798-1,1798,12-d
1799-1,1799,12-d
1800-1,1800,12-e
2800-1,2800,12-f
1802-1,1802,30-a
1842-1,1842,30-a
1838-1,1838,30-a
1805-1,1805,30-a
1842-1,1842,30-a
1815-1,1815,30-a
1816-1,1816,30-a
1809-1,1809,30-a
1829-1,1829,30-a
1829-1,1829,30-a
1829-1,1829,30-a
1823-1,1823,30-a
1814-1,1814,30-a
1815-1,1815,30-a
1816-1,1816,30-a
1817-1,1817,30-a
1843-1,1843,30-a
1829-1,1829,30-a
1838-1,1838,30-a
1838-1,1838,30-a
1842-1,1842,30-a
1823-1,1823,30-a
1824-1,1824,30-a
1825-1,1825,30-a
1838-1,1838,30-a
1838-1,1838,30-a
1838-1,1838,30-a
1829-1,1829,30-a
1838-1,1838,30-a
1838-1,1838,30-a
1832-1,1832,30-a
1842-1,1842,30-a
1834-1,1834,30-a
1835-1,1835,30-a
1838-1,1838,30-a
1838-1,1838,30-a
1838-1,1838,30-a
1841-1,1841,30-a
1841-1,1841,30-a
1841-1,1841,30-a
1842-1,1842,30-a
1843-1,1843,30-a
1844-1,1844,30-a
1845-1,1845,30-a
1853-1,1853,30-b
1853-1,1853,30-b
1853-1,1853,30-b
1853-1,1853,30-b
1853-1,1853,30-b
1853-1,1853,30-b
1853-1,1853,30-b
1853-1,1853,30-b
1855-1,1855,30-b
1855-1,1855,30-b
1856-1,1856,9-a
1858-1,1858,9-b
1858-1,1858,9-b
1859-1,1859,9-c
1892-1,1892,9-d
1892-1,1892,9-d
1892-1,1892,9-d
1892-1,1892,9-d
1892-1,1892,9-d
1892-1,1892,9-d
1892-1,1892,9-d
1892-1,1892,9-d
1892-1,1892,9-d
1892-1,1892,9-d
1892-1,1892,9-d
1892-1,1892,9-d
1892-1,1892,9-d
1892-1,1892,9-d
1892-1,1892,9-d
1892-1,1892,9-d
1892-1,1892,9-d
1892-1,1892,9-d
1878-1,1878,9-d
1892-1,1892,9-d
1892-1,1892,9-d
1892-1,1892,9-d
1892-1,1892,9-d
1892-1,1892,9-d
1892-1,1892,9-d
1892-1,1892,9-d
1892-1,1892,9-d
1892-1,1892,9-d
1892-1,1892,9-d
1892-1,1892,9-d
1892-1,1892,9-d
1891-1,1891,9-d
1892-1,1892,9-d
1893-1,1893,"9-d, i"
1894-1,1894,"9-d, i"
1895-1,1895,"9-d, i"
1896-1,1896,9-e
1897-1,1897,9-e
1898-1,1898,9-f
1899-1,1899,9-g
1902-1,1902,9-h
1901-1,1901,9-h
1902-1,1902,9-h
1913-1,1913,9-i
1914-1,1914,9-i
1913-1,1913,9-i
1913-1,1913,9-i
1914-1,1914,9-i
1914-1,1914,9-i
1914-1,1914,9-i
1914-1,1914,9-i
1913-1,1913,9-i
1913-1,1913,9-i
1913-1,1913,9-i
1914-1,1914,9-i
1915-1,1915,5-a
1956-1,1956,5-b
1956-1,1956,5-b
1956-1,1956,5-b
1956-1,1956,5-b
1956-1,1956,5-b
1956-1,1956,5-b
1956-1,1956,5-b
1956-1,1956,5-b
1956-1,1956,5-b
1956-1,1956,5-b
1956-1,1956,5-b
1956-1,1956,5-b
1956-1,1956,5-b
1956-1,1956,5-b
1956-1,1956,5-b
1956-1,1956,5-b
1956-1,1956,5-b
1956-1,1956,5-b
1956-1,1956,5-b
1956-1,1956,5-b
1956-1,1956,5-b
1956-1,1956,5-b
1956-1,1956,5-b
1956-1,1956,5-b
1956-1,1956,5-b
1956-1,1956,5-b
1956-1,1956,5-b
1943-1,1943,5-b
1956-1,1956,5-b
1956-1,1956,5-b
1956-1,1956,5-b
1956-1,1956,5-b
1956-1,1956,5-b
1956-1,1956,5-b
1956-1,1956,5-b
1951-1,1951,5-b
1956-1,1956,5-b
1956-1,1956,5-b
1956-1,1956,5-b
1956-1,1956,5-b
1956-1,1956,5-b
3484-1,3484,NA
3484-1,3484,NA
3484-1,3484,NA
3484-1,3484,NA
3484-1,3484,NA
3484-1,3484,NA
3484-1,3484,NA
1999-1,1999,58-a
1996-1,1996,58-a
1966-1,1966,58-a
1999-1,1999,58-a
2004-1,2004,58-a
1969-1,1969,58-a
2004-1,2004,58-a
1971-1,1971,58-a
2004-1,2004,58-a
1983-1,1983,58-a
1983-1,1983,58-a
1996-1,1996,58-a
1976-1,1976,58-a
1977-1,1977,58-a
1999-1,1999,58-a
1999-1,1999,58-a
1999-1,1999,58-a
1983-1,1983,58-a
1996-1,1996,58-a
1983-1,1983,58-a
1984-1,1984,58-a
1999-1,1999,58-a
1999-1,1999,58-a
1996-1,1996,58-a
1999-1,1999,58-a
1999-1,1999,58-a
1999-1,1999,58-a
1999-1,1999,58-a
1999-1,1999,58-a
1993-1,1993,58-a
1994-1,1994,58-a
2004-1,2004,58-a
1996-1,1996,58-a
1999-1,1999,58-a
1999-1,1999,58-a
1999-1,1999,58-a
2006-1,2006,58-a
2001-1,2001,58-a
2006-1,2006,58-a
2003-1,2003,58-a
2004-1,2004,58-a
2005-1,2005,58-a
2006-1,2006,58-a
2007-1,2007,58-b
2008-1,2008,58-c
2720-1,2720,58-c
2010-1,2010,58-c
2011-1,2011,58-c
2012-1,2012,58-c
2013-1,2013,58-d
2579-1,2579,58-e
2015-1,2015,58-f
2038-1,2038,59-a
2038-1,2038,59-a
2019-1,2019,59-a
2019-1,2019,59-a
2020-1,2020,59-a
2038-1,2038,59-a
2038-1,2038,59-a
2038-1,2038,59-a
2038-1,2038,59-a
2025-1,2025,59-a
2039-1,2039,59-a
2027-1,2027,59-a
2039-1,2039,59-a
2038-1,2038,59-a
2039-1,2039,59-a
2038-1,2038,59-a
2038-1,2038,59-a
2033-1,2033,59-a
2034-1,2034,59-a
2035-1,2035,59-a
2039-1,2039,59-a
2039-1,2039,59-a
2038-1,2038,59-a
2039-1,2039,59-a
2040-1,2040,59-a
2041-1,2041,59-a
2042-1,2042,59-a
2043-1,2043,59-a
2044-1,2044,?
2045-1,2045,59-b
2046-1,2046,59-c
2047-1,2047,59-d
2048-1,2048,59-e
2049-1,2049,59-f
2057-1,2057,59-g
2051-1,2051,59-g
2057-1,2057,59-g
2057-1,2057,59-g
2054-1,2054,59-g
2057-1,2057,59-g
2057-1,2057,59-g
2057-1,2057,59-g
2058-1,2058,59-g
2059-1,2059,59-g
2060-1,2060,59-g
2061-1,2061,59-g
2062-1,2062,59-h
2063-1,2063,59-h
2064-1,2064,59-h
2065-1,2065,59-h
3383-1,3383,59-i
2069-1,2069,59-j
2069-1,2069,59-j
2069-1,2069,59-j
2070-1,2070,59-j
2071-1,2071,59-j
2072-1,2072,59-j
2073-1,2073,59-k
2074-1,2074,NA
2075-1,2075,NA
2076-1,2076,45-a
2077-1,2077,45-a
2078-1,2078,45-a
2079-1,2079,45-b
2080-1,2080,45-b
2081-1,2081,45-b
2082-1,2082,45-b
2083-1,2083,45-b
2084-1,2084,45-b
2085-1,2085,45-b
2086-1,2086,45-b
2087-1,2087,45-b
2088-1,2088,45-c
2089-1,2089,45-c
2090-1,2090,45-c
2091-1,2091,45-c
2092-1,2092,45-d
2093-1,2093,45-e
2094-1,2094,45-e
2095-1,2095,45-f
2096-1,2096,45-f
2097-1,2097,45-f
2098-1,2098,45-f
2099-1,2099,45-g
2100-1,2100,45-h
2101-1,2101,45-i
2102-1,2102,45-i
2103-1,2103,45-j
2104-1,2104,45-k
2114-1,2114,45-k
2113-1,2113,45-k
2108-1,2108,45-k
2108-1,2108,45-k
2109-1,2109,45-k
2114-1,2114,45-k
2114-1,2114,45-k
2114-1,2114,45-k
2113-1,2113,45-k
2114-1,2114,45-k
2128-1,2128,45-k
2128-1,2128,45-k
2128-1,2128,45-k
2128-1,2128,45-k
2128-1,2128,45-k
2120-1,2120,45-k
2128-1,2128,45-k
2128-1,2128,45-k
2128-1,2128,45-k
2128-1,2128,45-k
2129-1,2129,45-k
2128-1,2128,45-k
2127-1,2127,45-k
2128-1,2128,45-k
2129-1,2129,45-k
2131-1,2131,45-k
2131-1,2131,45-k
2132-1,2132,45-l
2133-1,2133,45-m
2134-1,2134,45-m
2135-1,2135,45-n
2141-1,2141,45-n
2137-1,2137,45-n
2141-1,2141,45-n
2139-1,2139,45-n
2141-1,2141,45-n
2141-1,2141,45-n
2142-1,2142,NA
2143-1,2143,NA
3484-1,3484,NA
2707-1,2707,41-a
2706-1,2706,41-a
2188-1,2188,41-b
2188-1,2188,41-b
2194-1,2194,41-b
2150-1,2150,41-b
2151-1,2151,41-b
2152-1,2152,41-b
2188-1,2188,41-b
2154-1,2154,41-b
2155-1,2155,41-b
2188-1,2188,41-b
2188-1,2188,41-b
2188-1,2188,41-b
2188-1,2188,41-b
2188-1,2188,41-b
2188-1,2188,41-b
2188-1,2188,41-b
2188-1,2188,41-b
2188-1,2188,41-b
2188-1,2188,41-b
2188-1,2188,41-b
2188-1,2188,41-b
2168-1,2168,41-b
2183-1,2183,41-b
2183-1,2183,41-b
2171-1,2171,41-b
2183-1,2183,41-b
2188-1,2188,41-b
2188-1,2188,41-b
2188-1,2188,41-b
2188-1,2188,41-b
2188-1,2188,41-b
2188-1,2188,41-b
2188-1,2188,41-b
2188-1,2188,41-b
2181-1,2181,41-b
2182-1,2182,41-b
2183-1,2183,41-b
2188-1,2188,41-b
2188-1,2188,41-b
2188-1,2188,41-b
2188-1,2188,41-b
2188-1,2188,41-b
2195-1,2195,41-b
2195-1,2195,41-b
2195-1,2195,41-b
2195-1,2195,41-b
2193-1,2193,41-b
2194-1,2194,41-b
2195-1,2195,41-b
2196-1,2196,41-c
2197-1,2197,41-d
2237-1,2237,13-a
2237-1,2237,13-a
2223-1,2223,13-a
2201-1,2201,13-a
2237-1,2237,13-a
2203-1,2203,13-a
2204-1,2204,13-a
2237-1,2237,13-a
2237-1,2237,13-a
2237-1,2237,13-a
2237-1,2237,13-a
2243-1,2243,13-a
2243-1,2243,13-a
2243-1,2243,13-a
2237-1,2237,13-a
2213-1,2213,13-a
2230-1,2230,13-a
2237-1,2237,13-a
2216-1,2216,13-a
2237-1,2237,13-a
2237-1,2237,13-a
2237-1,2237,13-a
2237-1,2237,13-a
2221-1,2221,13-a
2222-1,2222,13-a
2223-1,2223,13-a
2237-1,2237,13-a
2237-1,2237,13-a
2237-1,2237,13-a
2237-1,2237,13-a
2237-1,2237,13-a
2237-1,2237,13-a
2230-1,2230,13-a
2231-1,2231,13-a
2243-1,2243,13-a
2243-1,2243,13-a
2237-1,2237,13-a
2237-1,2237,13-a
2237-1,2237,13-a
2237-1,2237,13-a
2238-1,2238,13-a
2239-1,2239,13-a
2242-1,2242,13-a
2242-1,2242,13-a
2242-1,2242,13-a
2243-1,2243,13-a
2244-1,2244,13-a
2245-1,2245,13-a
2246-1,2246,13-a
2247-1,2247,43-a
2252-1,2252,43-b
2293-1,2293,43-b
2261-1,2261,43-b
2252-1,2252,43-b
2252-1,2252,43-b
2293-1,2293,43-b
2293-1,2293,43-b
2293-1,2293,43-b
2293-1,2293,43-b
2293-1,2293,43-b
2261-1,2261,43-b
2293-1,2293,43-b
2293-1,2293,43-b
2261-1,2261,43-b
2293-1,2293,43-b
2293-1,2293,43-b
2293-1,2293,43-b
2293-1,2293,43-b
2293-1,2293,43-b
2293-1,2293,43-b
2293-1,2293,43-b
2293-1,2293,43-b
2293-1,2293,43-b
2293-1,2293,43-b
2293-1,2293,43-b
2293-1,2293,43-b
2293-1,2293,43-b
2293-1,2293,43-b
2293-1,2293,43-b
2293-1,2293,43-b
2293-1,2293,43-b
2279-1,2279,43-b
2293-1,2293,43-b
2293-1,2293,43-b
2293-1,2293,43-b
2293-1,2293,43-b
2293-1,2293,43-b
2293-1,2293,43-b
2293-1,2293,43-b
2293-1,2293,43-b
2293-1,2293,43-b
2293-1,2293,43-b
2293-1,2293,43-b
2293-1,2293,43-b
2293-1,2293,43-b
2293-1,2293,43-b
3484-1,3484,NA
3484-1,3484,NA
2296-1,2296,47-a
2307-1,2307,47-b
2307-1,2307,47-b
2307-1,2307,47-b
2307-1,2307,47-b
2307-1,2307,47-b
2307-1,2307,47-b
2307-1,2307,47-b
2307-1,2307,47-b
2307-1,2307,47-b
2306-1,2306,47-b
2307-1,2307,47-b
2308-1,2308,47-b
2309-1,2309,47-c
2310-1,2310,47-d
2311-1,2311,47-e
2312-1,2312,47-f
2313-1,2313,47-g
2314-1,2314,47-g
2966-1,2966,47-h
2966-1,2966,47-h
2966-1,2966,47-h
2966-1,2966,47-h
2966-1,2966,47-h
2966-1,2966,47-h
2966-1,2966,47-h
2966-1,2966,47-h
2966-1,2966,47-h
2966-1,2966,47-h
2966-1,2966,47-h
2966-1,2966,47-h
3541-1,3541,47-h
2966-1,2966,47-h
2966-1,2966,47-h
2966-1,2966,47-h
2966-1,2966,47-h
3436-1,3436,47-h
3541-1,3541,47-h
2966-1,2966,47-h
2335-1,2335,47-h
2966-1,2966,47-h
2966-1,2966,47-h
2958-1,2958,47-i
2958-1,2958,47-i
2958-1,2958,47-i
2958-1,2958,47-i
2958-1,2958,47-i
2958-1,2958,47-i
2958-1,2958,47-i
2958-1,2958,47-i
2958-1,2958,47-i
2958-1,2958,47-i
2958-1,2958,47-i
2956-1,2956,47-i
3484-1,3484,NA
3484-1,3484,NA
3484-1,3484,NA
3484-1,3484,NA
3484-1,3484,NA
2355-1,2355,6-a
2356-1,2356,6-b
3522-1,3522,6-b
2388-1,2388,6-b
2388-1,2388,6-b
2360-1,2360,6-b
2388-1,2388,6-b
2375-1,2375,6-b
2388-1,2388,6-b
2388-1,2388,6-b
2365-1,2365,6-b
2388-1,2388,6-b
2396-1,2396,6-b
2388-1,2388,6-b
2388-1,2388,6-b
2388-1,2388,6-b
2388-1,2388,6-b
2388-1,2388,6-b
2388-1,2388,6-b
2388-1,2388,6-b
2375-1,2375,6-b
2388-1,2388,6-b
2387-1,2387,6-b
2378-1,2378,6-b
2387-1,2387,6-b
2380-1,2380,6-b
2388-1,2388,6-b
2382-1,2382,6-b
3522-1,3522,6-b
3522-1,3522,6-b
2385-1,2385,6-b
2387-1,2387,6-b
2387-1,2387,6-b
2388-1,2388,6-b
2389-1,2389,6-b
2390-1,2390,6-b
3525-1,3525,6-b
2397-1,2397,6-b
3522-1,3522,6-b
2397-1,2397,6-b
3522-1,3522,6-b
2396-1,2396,6-b
2397-1,2397,6-b
2398-1,2398,6-c
2399-1,2399,6-d
3530-1,3530,6-d
2401-1,2401,6-e
2402-1,2402,6-e
2403-1,2403,6-e
2404-1,2404,6-e
2405-1,2405,6-e
3538-1,3538,6-e
2407-1,2407,6-e
2408-1,2408,6-e
2409-1,2409,6-f
2410-1,2410,49-a
2411-1,2411,49-a
2412-1,2412,49-b
2414-1,2414,49-c
2414-1,2414,49-c
2426-1,2426,49-d
2428-1,2428,49-d
2424-1,2424,49-d
2428-1,2428,49-d
2428-1,2428,49-d
2420-1,2420,49-d
2421-1,2421,49-d
2428-1,2428,49-d
2424-1,2424,49-d
2424-1,2424,49-d
2425-1,2425,49-d
2426-1,2426,49-d
2427-1,2427,49-d
2428-1,2428,49-d
2429-1,2429,49-e
2430-1,2430,49-f
2431-1,2431,49-g
2432-1,2432,49-h
2433-1,2433,49-i
2434-1,2434,49-j
2436-1,2436,49-k
2436-1,2436,49-k
2437-1,2437,49-l
2438-1,2438,49-m
2439-1,2439,49-m
2440-1,2440,49-n
2446-1,2446,49-n
2445-1,2445,49-n
2443-1,2443,49-n
2445-1,2445,49-n
2445-1,2445,49-n
2446-1,2446,49-n
2447-1,2447,49-o
2448-1,2448,49-o
2449-1,2449,49-o
2450-1,2450,49-o
2453-1,2453,49-o
2453-1,2453,49-o
2453-1,2453,49-o
2454-1,2454,49-o
2455-1,2455,49-p
2456-1,2456,49-p
2457-1,2457,49-q
2458-1,2458,49-q
2460-1,2460,49-q
2460-1,2460,49-q
2461-1,2461,49-r
2462-1,2462,49-s
2463-1,2463,49-t
2464-1,2464,49-t
2465-1,2465,49-u
2466-1,2466,49-u
2467-1,2467,49-u
2475-1,2475,49-u
2475-1,2475,49-u
2475-1,2475,49-u
2475-1,2475,49-u
2475-1,2475,49-u
2473-1,2473,49-u
2474-1,2474,49-u
2475-1,2475,49-u
2476-1,2476,49-u
2477-1,2477,49-v
2478-1,2478,49-w
2479-1,2479,49-x
2483-1,2483,49-y
2483-1,2483,49-y
2483-1,2483,49-y
2483-1,2483,49-y
2484-1,2484,49-
2485-1,2485,53-a
2486-1,2486,53-b
2487-1,2487,53-c
2488-1,2488,53-d
2511-1,2511,53-e
2511-1,2511,53-e
2491-1,2491,53-e
2492-1,2492,53-e
2493-1,2493,53-e
2494-1,2494,53-e
2511-1,2511,53-e
2511-1,2511,53-e
2511-1,2511,53-e
2511-1,2511,53-e
2511-1,2511,53-e
2511-1,2511,53-e
2511-1,2511,53-e
2502-1,2502,53-e
2503-1,2503,53-e
2504-1,2504,53-e
2529-1,2529,53-e
2529-1,2529,53-e
2510-1,2510,53-e
2511-1,2511,53-e
2529-1,2529,53-e
2510-1,2510,53-e
2511-1,2511,53-e
2529-1,2529,53-e
2526-1,2526,53-e
2529-1,2529,53-e
2529-1,2529,53-e
2526-1,2526,53-e
2529-1,2529,53-e
2529-1,2529,53-e
2519-1,2519,53-e
2531-1,2531,53-e
2526-1,2526,53-e
2529-1,2529,53-e
2526-1,2526,53-e
2529-1,2529,53-e
2529-1,2529,53-e
2526-1,2526,53-e
2527-1,2527,53-e
2530-1,2530,53-e
2529-1,2529,53-e
2530-1,2530,53-e
2531-1,2531,53-e
2532-1,2532,53-e
2533-1,2533,53-e
2534-1,2534,53-f
2535-1,2535,53-g
2536-1,2536,NA
2964-1,2964,26-a
2538-1,2538,26-a
2874-1,2874,26-b
2874-1,2874,26-b
2874-1,2874,26-b
2868-1,2868,26-b
2874-1,2874,26-b
2874-1,2874,26-b
2874-1,2874,26-b
2874-1,2874,26-b
2874-1,2874,26-b
2874-1,2874,26-b
2874-1,2874,26-b
2874-1,2874,26-b
2874-1,2874,26-b
2874-1,2874,26-b
2553-1,2553,26-b
2868-1,2868,26-b
2874-1,2874,26-b
2874-1,2874,26-b
2874-1,2874,26-b
2874-1,2874,26-b
2874-1,2874,26-b
2874-1,2874,26-b
2874-1,2874,26-b
2874-1,2874,26-b
2563-1,2563,26-b
2874-1,2874,26-b
2874-1,2874,26-b
2566-1,2566,26-b
2874-1,2874,26-b
2874-1,2874,26-b
2874-1,2874,26-b
2874-1,2874,26-b
2874-1,2874,26-b
2874-1,2874,26-b
2874-1,2874,26-b
2574-1,2574,26-b
2874-1,2874,26-b
2576-1,2576,26-b
2577-1,2577,26-b
2578-1,2578,26-c
2579-1,2579,26-d
3484-1,3484,NA
3484-1,3484,NA
3484-1,3484,NA
3484-1,3484,NA
3484-1,3484,NA
3484-1,3484,NA
3484-1,3484,NA
2587-1,2587,25-a
2588-1,2588,25-a
2589-1,2589,25-a
2605-1,2605,25-a
2624-1,2624,25-a
2606-1,2606,25-a
2596-1,2596,25-a
2607-1,2607,25-a
2607-1,2607,25-a
2596-1,2596,25-a
2624-1,2624,25-a
2624-1,2624,25-a
2624-1,2624,25-a
2607-1,2607,25-a
2607-1,2607,25-a
2607-1,2607,25-a
2607-1,2607,25-a
2624-1,2624,25-a
2605-1,2605,25-a
2606-1,2606,25-a
2607-1,2607,25-a
2608-1,2608,25-a
2609-1,2609,25-a
2610-1,2610,25-b
2611-1,2611,25-b
2632-1,2632,25-b
2631-1,2631,25-b
2631-1,2631,25-b
2615-1,2615,25-b
2631-1,2631,25-b
2632-1,2632,25-b
2618-1,2618,25-b
2631-1,2631,25-b
2632-1,2632,25-b
2631-1,2631,25-b
2631-1,2631,25-b
2632-1,2632,25-b
2624-1,2624,25-b
2625-1,2625,25-b
2638-1,2638,25-b
2627-1,2627,25-b
2628-1,2628,25-b
2629-1,2629,25-b
2631-1,2631,25-b
2631-1,2631,25-b
2632-1,2632,25-b
2640-1,2640,25-b
2634-1,2634,25-b
2639-1,2639,25-b
2636-1,2636,25-b
2637-1,2637,25-b
2638-1,2638,25-b
2639-1,2639,25-b
2640-1,2640,25-b
2643-1,2643,25-c
2643-1,2643,25-c
2643-1,2643,25-c
2644-1,2644,25-d
2645-1,2645,25-e
2646-1,2646,24-a
2647-1,2647,24-b
2686-1,2686,24-b
2672-1,2672,24-b
2650-1,2650,24-b
2651-1,2651,24-b
2680-1,2680,24-b
2653-1,2653,24-b
2692-1,2692,24-b
2680-1,2680,24-b
2680-1,2680,24-b
2680-1,2680,24-b
2686-1,2686,24-b
2672-1,2672,24-b
2686-1,2686,24-b
2686-1,2686,24-b
2686-1,2686,24-b
2663-1,2663,24-b
2664-1,2664,24-b
2681-1,2681,24-b
2686-1,2686,24-b
2686-1,2686,24-b
2672-1,2672,24-b
2688-1,2688,24-b
2692-1,2692,24-b
2671-1,2671,24-b
2672-1,2672,24-b
2686-1,2686,24-b
2686-1,2686,24-b
2686-1,2686,24-b
2676-1,2676,24-b
2677-1,2677,24-b
2678-1,2678,24-b
2679-1,2679,24-b
2680-1,2680,24-b
2681-1,2681,24-b
2686-1,2686,24-b
2683-1,2683,24-b
2684-1,2684,24-b
2688-1,2688,24-b
2686-1,2686,24-b
2687-1,2687,24-b
2688-1,2688,24-b
2692-1,2692,24-b
2690-1,2690,24-b
2692-1,2692,24-b
2692-1,2692,24-b
2693-1,2693,24-b
2695-1,2695,24-c
2695-1,2695,24-c
2696-1,2696,24-c
2697-1,2697,40-a
2721-1,2721,40-a
2704-1,2704,40-a
2704-1,2704,40-a
2701-1,2701,40-a
2704-1,2704,40-a
2703-1,2703,40-a
2704-1,2704,40-a
2711-1,2711,40-a
2706-1,2706,40-a
2707-1,2707,40-a
2708-1,2708,40-a
2710-1,2710,40-a
2710-1,2710,40-a
2711-1,2711,40-a
2712-1,2712,40-a
2713-1,2713,40-a
2718-1,2718,40-a
2715-1,2715,40-a
2716-1,2716,40-a
2720-1,2720,40-a
2718-1,2718,40-a
2720-1,2720,40-a
2720-1,2720,40-a
2721-1,2721,40-a
2722-1,2722,40-a
2723-1,2723,40-b
2724-1,2724,40-b
2740-1,2740,40-c
2726-1,2726,40-c
2751-1,2751,40-c
2728-1,2728,40-c
2729-1,2729,40-c
2751-1,2751,40-c
2731-1,2731,40-c
2733-1,2733,40-c
2733-1,2733,40-c
2734-1,2734,40-c
2735-1,2735,40-c
2740-1,2740,40-c
2737-1,2737,40-c
2738-1,2738,40-c
2739-1,2739,40-c
2740-1,2740,40-c
2741-1,2741,40-c
2742-1,2742,40-c
2743-1,2743,40-c
2751-1,2751,40-c
2745-1,2745,40-c
2746-1,2746,40-c
2750-1,2750,40-c
2750-1,2750,40-c
2750-1,2750,40-c
2750-1,2750,40-c
2751-1,2751,40-c
2752-1,2752,40-c
2753-1,2753,40-c
2754-1,2754,21-a
2796-1,2796,21-b
2796-1,2796,21-b
2757-1,2757,21-b
2758-1,2758,21-b
2759-1,2759,21-b
2796-1,2796,21-b
2797-1,2797,21-b
2796-1,2796,21-b
2796-1,2796,21-b
2796-1,2796,21-b
2796-1,2796,21-b
2796-1,2796,21-b
2796-1,2796,21-b
2796-1,2796,21-b
2796-1,2796,21-b
2796-1,2796,21-b
2796-1,2796,21-b
2796-1,2796,21-b
2796-1,2796,21-b
2796-1,2796,21-b
2775-1,2775,21-b
2796-1,2796,21-b
2797-1,2797,21-b
2796-1,2796,21-b
2796-1,2796,21-b
2796-1,2796,21-b
2796-1,2796,21-b
2796-1,2796,21-b
2796-1,2796,21-b
2784-1,2784,21-b
2796-1,2796,21-b
2786-1,2786,21-b
2796-1,2796,21-b
2796-1,2796,21-b
2797-1,2797,21-b
2796-1,2796,21-b
2796-1,2796,21-b
2796-1,2796,21-b
2793-1,2793,21-b
2796-1,2796,21-b
2796-1,2796,21-b
2796-1,2796,21-b
2797-1,2797,21-b
2798-1,2798,21-b
2799-1,2799,21-c
2800-1,2800,21-d
2801-1,2801,21-e
2802-1,2802,21-f
2803-1,2803,21-f
2804-1,2804,21-f
2809-1,2809,21-g
2809-1,2809,21-g
2809-1,2809,21-g
2809-1,2809,21-g
2809-1,2809,21-g
2954-1,2954,37-a
2954-1,2954,37-a
2954-1,2954,37-a
2928-1,2928,37-a
2954-1,2954,37-a
2954-1,2954,37-a
2954-1,2954,37-a
2954-1,2954,37-a
2954-1,2954,37-a
2954-1,2954,37-a
2954-1,2954,37-a
2954-1,2954,37-a
2954-1,2954,37-a
2954-1,2954,37-a
2954-1,2954,37-a
2954-1,2954,37-a
2954-1,2954,37-a
2954-1,2954,37-a
2954-1,2954,37-a
2954-1,2954,37-a
2954-1,2954,37-a
2954-1,2954,37-a
2954-1,2954,37-a
2954-1,2954,37-a
2954-1,2954,37-a
2897-1,2897,37-a
2954-1,2954,37-a
2954-1,2954,37-a
2838-1,2838,37-a
2954-1,2954,37-a
2954-1,2954,37-a
2954-1,2954,37-a
2954-1,2954,37-a
2954-1,2954,37-a
2954-1,2954,37-a
2954-1,2954,37-a
2846-1,2846,37-a
2954-1,2954,37-a
2848-1,2848,37-a
2954-1,2954,37-a
2850-1,2850,37-a
2851-1,2851,37-b
2852-1,2852,37-c
2866-1,2866,37-d
2854-1,2854,37-e
2855-1,2855,37-e
2856-1,2856,NA
2857-1,2857,NA
2858-1,2858,NA
2859-1,2859,NA
2860-1,2860,NA
2969-1,2969,54-a
2863-1,2863,54-a
2863-1,2863,54-a
2864-1,2864,54-b
2865-1,2865,54-c
2866-1,2866,54-d
2867-1,2867,54-e
2868-1,2868,54-f
2869-1,2869,54-f
2870-1,2870,54-g
2874-1,2874,54-h
2874-1,2874,54-h
2874-1,2874,54-h
2874-1,2874,54-h
2954-1,2954,54-i
2928-1,2928,54-i
2928-1,2928,54-i
2954-1,2954,54-i
2954-1,2954,54-i
2954-1,2954,54-i
2954-1,2954,54-i
2954-1,2954,54-i
2954-1,2954,54-i
2954-1,2954,54-i
2954-1,2954,54-i
2954-1,2954,54-i
2954-1,2954,54-i
2954-1,2954,54-i
2954-1,2954,54-i
2954-1,2954,54-i
2891-1,2891,54-i
2954-1,2954,54-i
2954-1,2954,54-i
2954-1,2954,54-i
2954-1,2954,54-i
2954-1,2954,54-i
2897-1,2897,54-i
2954-1,2954,54-i
2954-1,2954,54-i
2954-1,2954,54-i
2901-1,2901,54-i
2954-1,2954,54-i
2954-1,2954,54-i
2954-1,2954,54-i
2954-1,2954,54-i
2954-1,2954,54-i
2954-1,2954,54-i
2954-1,2954,54-i
2909-1,2909,54-i
2910-1,2910,54-i
2954-1,2954,54-i
2954-1,2954,54-i
2913-1,2913,54-i
2914-1,2914,54-i
2954-1,2954,54-i
2916-1,2916,54-j
2917-1,2917,16-a
2958-1,2958,16-a
2958-1,2958,16-a
2958-1,2958,16-a
2958-1,2958,16-a
2958-1,2958,16-a
2958-1,2958,16-a
2958-1,2958,16-a
2925-1,2925,16-a
2958-1,2958,16-a
2958-1,2958,16-a
2928-1,2928,16-a
2958-1,2958,16-a
2958-1,2958,16-a
2958-1,2958,16-a
2958-1,2958,16-a
2958-1,2958,16-a
2958-1,2958,16-a
2958-1,2958,16-a
2958-1,2958,16-a
2958-1,2958,16-a
2958-1,2958,16-a
2958-1,2958,16-a
2958-1,2958,16-a
2958-1,2958,16-a
2958-1,2958,16-a
2958-1,2958,16-a
2958-1,2958,16-a
2945-1,2945,16-a
2958-1,2958,16-a
2958-1,2958,16-a
2958-1,2958,16-a
2958-1,2958,16-a
2958-1,2958,16-a
2951-1,2951,16-a
2958-1,2958,16-a
2958-1,2958,16-a
2954-1,2954,16-a
2958-1,2958,16-a
2956-1,2956,16-a
2957-1,2957,16-a
2958-1,2958,16-a
2960-1,2960,16-b
2960-1,2960,16-b
2961-1,2961,16-b
2962-1,2962,16-b
2963-1,2963,16-c
2964-1,2964,16-d
2965-1,2965,16-e
2966-1,2966,16-e
3443-1,3443,16-e
2969-1,2969,16-e
2969-1,2969,16-e
2970-1,2970,16-e
2971-1,2971,?
2972-1,2972,11-a
2973-1,2973,11-c
2998-1,2998,11-d
2998-1,2998,11-d
2976-1,2976,11-d
2998-1,2998,11-d
2997-1,2997,11-d
2999-1,2999,11-d
2999-1,2999,11-d
2981-1,2981,11-d
2982-1,2982,11-d
2999-1,2999,11-d
2992-1,2992,11-d
2999-1,2999,11-d
2999-1,2999,11-d
2987-1,2987,11-d
2999-1,2999,11-d
2992-1,2992,11-d
2999-1,2999,11-d
2991-1,2991,11-d
2992-1,2992,11-d
2999-1,2999,11-d
2997-1,2997,11-d
2997-1,2997,11-d
2999-1,2999,11-d
2997-1,2997,11-d
2998-1,2998,11-d
2999-1,2999,11-d
3000-1,3000,11-d
3001-1,3001,11-d
3003-1,3003,11-d
3003-1,3003,11-d
3004-1,3004,11-d
3005-1,3005,11-e
3006-1,3006,11-f
3007-1,3007,11-f
3008-1,3008,11-f
3009-1,3009,NA
3010-1,3010,NA
3011-1,3011,NA
3012-1,3012,NA
3013-1,3013,NA
3014-1,3014,NA
3015-1,3015,NA
3484-1,3484,NA
3484-1,3484,NA
3484-1,3484,NA
3484-1,3484,NA
3484-1,3484,NA
3484-1,3484,NA
3046-1,3046,27-a
3023-1,3023,27-a
3044-1,3044,27-a
3044-1,3044,27-a
3046-1,3046,27-a
3027-1,3027,27-a
3028-1,3028,27-a
3047-1,3047,27-a
3030-1,3030,27-a
3044-1,3044,27-a
3044-1,3044,27-a
3036-1,3036,27-a
3046-1,3046,27-a
3044-1,3044,27-a
3036-1,3036,27-a
3046-1,3046,27-a
3038-1,3038,27-a
3046-1,3046,27-a
3040-1,3040,27-a
3046-1,3046,27-a
3046-1,3046,27-a
3046-1,3046,27-a
3044-1,3044,27-a
3046-1,3046,27-a
3046-1,3046,27-a
3047-1,3047,27-a
3048-1,3048,27-b
3049-1,3049,27-c
3050-1,3050,27-d
3052-1,3052,27-e
3052-1,3052,27-e
3054-1,3054,27-f
3054-1,3054,27-f
3055-1,3055,27-g
3056-1,3056,27-h
3059-1,3059,27-i
3058-1,3058,27-i
3059-1,3059,27-i
3060-1,3060,27-j
3061-1,3061,27-k
3083-1,3083,27-k
3063-1,3063,27-k
3064-1,3064,27-k
3083-1,3083,27-k
3083-1,3083,27-k
3083-1,3083,27-k
3068-1,3068,27-k
3083-1,3083,27-k
3083-1,3083,27-k
3084-1,3084,27-k
3083-1,3083,27-k
3084-1,3084,27-k
3083-1,3083,27-k
3075-1,3075,27-k
3083-1,3083,27-k
3083-1,3083,27-k
3083-1,3083,27-k
3083-1,3083,27-k
3083-1,3083,27-k
3082-1,3082,27-k
3082-1,3082,27-k
3083-1,3083,27-k
3084-1,3084,27-k
3085-1,3085,27-k
3086-1,3086,27-l
3087-1,3087,27-l
3088-1,3088,27-m
3089-1,3089,27-n
3090-1,3090,14-a
3091-1,3091,14-b
3092-1,3092,14-c
3093-1,3093,14-c
3094-1,3094,14-c
3130-1,3130,14-d
3130-1,3130,14-d
3097-1,3097,14-d
3130-1,3130,14-d
3130-1,3130,14-d
3130-1,3130,14-d
3101-1,3101,14-d
3102-1,3102,14-d
3130-1,3130,14-d
3135-1,3135,14-d
3130-1,3130,14-d
3130-1,3130,14-d
3130-1,3130,14-d
3130-1,3130,14-d
3130-1,3130,14-d
3135-1,3135,14-d
3130-1,3130,14-d
3130-1,3130,14-d
3113-1,3113,14-d
3114-1,3114,14-d
3130-1,3130,14-d
3130-1,3130,14-d
3130-1,3130,14-d
3118-1,3118,14-d
3119-1,3119,14-d
3130-1,3130,14-d
3130-1,3130,14-d
3130-1,3130,14-d
3130-1,3130,14-d
3130-1,3130,14-d
3125-1,3125,14-d
3135-1,3135,14-d
3135-1,3135,14-d
3130-1,3130,14-d
3130-1,3130,14-d
3130-1,3130,14-d
3131-1,3131,14-d
3132-1,3132,14-d
3134-1,3134,14-d
3134-1,3134,14-d
3135-1,3135,14-d
3136-1,3136,14-d
3137-1,3137,14-d
3138-1,3138,14-e
3139-1,3139,14-f
3140-1,3140,38-a
3141-1,3141,38-b
3142-1,3142,38-b
3184-1,3184,38-c
3184-1,3184,38-c
3184-1,3184,38-c
3146-1,3146,38-c
3184-1,3184,38-c
3184-1,3184,38-c
3184-1,3184,38-c
3150-1,3150,38-c
3184-1,3184,38-c
3184-1,3184,38-c
3184-1,3184,38-c
3184-1,3184,38-c
3184-1,3184,38-c
3184-1,3184,38-c
3184-1,3184,38-c
3184-1,3184,38-c
3184-1,3184,38-c
3184-1,3184,38-c
3184-1,3184,38-c
3184-1,3184,38-c
3184-1,3184,38-c
3184-1,3184,38-c
3182-1,3182,38-c
3184-1,3184,38-c
3184-1,3184,38-c
3184-1,3184,38-c
3184-1,3184,38-c
3184-1,3184,38-c
3184-1,3184,38-c
3184-1,3184,38-c
3184-1,3184,38-c
3184-1,3184,38-c
3182-1,3182,38-c
3184-1,3184,38-c
3184-1,3184,38-c
3184-1,3184,38-c
3184-1,3184,38-c
3180-1,3180,38-c
3181-1,3181,38-c
3182-1,3182,38-c
3184-1,3184,38-c
3184-1,3184,38-c
3185-1,3185,38-c
3186-1,3186,38-d
3187-1,3187,38-e
3190-1,3190,38-e
3190-1,3190,38-e
3190-1,3190,38-e
3192-1,3192,38-f
3192-1,3192,38-f
3193-1,3193,18-a
3194-1,3194,18-b
3195-1,3195,18-c
3196-1,3196,18-d
3197-1,3197,18-e
3198-1,3198,18-f
3199-1,3199,18-f
3201-1,3201,18-f
3201-1,3201,18-f
3202-1,3202,18-f
3230-1,3230,18-g
3207-1,3207,18-g
3230-1,3230,18-g
3230-1,3230,18-g
3207-1,3207,18-g
3230-1,3230,18-g
3230-1,3230,18-g
3230-1,3230,18-g
3230-1,3230,18-g
3230-1,3230,18-g
3230-1,3230,18-g
3230-1,3230,18-g
3230-1,3230,18-g
3230-1,3230,18-g
3230-1,3230,18-g
3218-1,3218,18-g
3230-1,3230,18-g
3230-1,3230,18-g
3230-1,3230,18-g
3230-1,3230,18-g
3230-1,3230,18-g
3230-1,3230,18-g
3230-1,3230,18-g
3230-1,3230,18-g
3227-1,3227,18-g
3230-1,3230,18-g
3230-1,3230,18-g
3230-1,3230,18-g
3231-1,3231,18-g
3233-1,3233,18-h
3233-1,3233,18-h
3234-1,3234,18-i
3235-1,3235,18-i
3240-1,3240,18-i
3237-1,3237,18-i
3240-1,3240,18-i
3240-1,3240,18-i
3240-1,3240,18-i
3241-1,3241,18-j
3243-1,3243,NA
3243-1,3243,NA
3244-1,3244,19-a
3246-1,3246,19-a
3246-1,3246,19-a
3247-1,3247,19-b
3248-1,3248,19-c
3249-1,3249,19-d
3437-1,3437,19-e
3436-1,3436,19-e
3436-1,3436,19-e
3253-1,3253,19-e
3436-1,3436,19-e
3255-1,3255,19-e
3256-1,3256,19-e
3258-1,3258,19-e
3258-1,3258,19-e
3282-1,3282,19-e
3287-1,3287,19-e
3541-1,3541,19-e
3287-1,3287,19-e
3282-1,3282,19-e
3436-1,3436,19-e
3282-1,3282,19-e
3436-1,3436,19-e
3436-1,3436,19-e
3436-1,3436,19-e
3436-1,3436,19-e
3436-1,3436,19-e
3436-1,3436,19-e
3282-1,3282,19-e
3289-1,3289,19-e
3287-1,3287,19-e
3436-1,3436,19-e
3282-1,3282,19-e
3436-1,3436,19-e
3436-1,3436,19-e
3279-1,3279,19-e
3436-1,3436,19-e
3436-1,3436,19-e
3282-1,3282,19-e
3283-1,3283,19-e
3289-1,3289,19-e
3436-1,3436,19-e
3436-1,3436,19-e
3287-1,3287,19-e
3436-1,3436,19-e
3289-1,3289,19-e
3290-1,3290,19-e
3291-1,3291,19-e
3292-1,3292,19-e
3437-1,3437,19-e
3294-1,3294,19-e
3295-1,3295,19-e
3296-1,3296,19-f
3297-1,3297,19-g
3298-1,3298,19-g
3299-1,3299,19-h
3300-1,3300,44-a
3301-1,3301,44-b
3302-1,3302,44-c
3303-1,3303,44-c
3311-1,3311,44-c
3305-1,3305,44-c
3306-1,3306,44-c
3382-1,3382,44-c
3382-1,3382,44-c
3317-1,3317,44-c
3382-1,3382,44-c
3311-1,3311,44-c
3317-1,3317,44-c
3314-1,3314,44-c
3314-1,3314,44-c
3382-1,3382,44-c
3316-1,3316,44-c
3317-1,3317,44-c
3318-1,3318,44-c
3382-1,3382,44-c
3382-1,3382,44-c
3382-1,3382,44-c
3327-1,3327,44-c
3327-1,3327,44-c
3327-1,3327,44-c
3327-1,3327,44-c
3326-1,3326,44-c
3327-1,3327,44-c
3330-1,3330,44-d
3330-1,3330,44-d
3330-1,3330,44-d
3331-1,3331,44-e
3332-1,3332,44-f
3333-1,3333,44-g
3334-1,3334,44-h
3335-1,3335,44-h
3336-1,3336,44-i
3339-1,3339,44-i
3338-1,3338,44-i
3339-1,3339,44-i
3340-1,3340,44-j
3341-1,3341,44-k
3342-1,3342,44-l
3343-1,3343,44-m
3344-1,3344,44-n
3345-1,3345,NA
3405-1,3405,NA
3347-1,3347,44-o
3348-1,3348,44-p
3349-1,3349,44-p
3350-1,3350,44-p
3359-1,3359,44-p
3359-1,3359,44-p
3353-1,3353,44-p
3354-1,3354,44-p
3359-1,3359,44-p
3359-1,3359,44-p
3359-1,3359,44-p
3359-1,3359,44-p
3359-1,3359,44-p
3360-1,3360,44-p
3361-1,3361,44-p
3362-1,3362,44-p
3363-1,3363,44-q
3364-1,3364,44-r
3365-1,3365,?
3366-1,3366,?
3367-1,3367,?
3368-1,3368,?
3376-1,3376,50-a
3376-1,3376,50-a
3371-1,3371,50-a
3376-1,3376,50-a
3376-1,3376,50-a
3376-1,3376,50-a
3376-1,3376,50-a
3376-1,3376,50-a
3377-1,3377,50-a
3378-1,3378,50-b
3379-1,3379,50-c
3380-1,3380,50-d
3381-1,3381,50-f
3382-1,3382,50-g
3383-1,3383,50-h
3384-1,3384,50-h
3385-1,3385,50-h
3386-1,3386,50-h
3387-1,3387,50-h
3388-1,3388,50-i
3389-1,3389,50-i
3390-1,3390,50-i
3391-1,3391,50-i
3392-1,3392,50-i
3393-1,3393,50-i
3394-1,3394,50-i
3395-1,3395,50-i
3396-1,3396,50-j
3397-1,3397,50-k
3398-1,3398,50-l
3399-1,3399,50-l
3400-1,3400,50-m
3401-1,3401,50-m
3402-1,3402,50-m
3403-1,3403,50-n
3404-1,3404,NA
3405-1,3405,NA
3406-1,3406,50-o
3407-1,3407,50-o
3408-1,3408,50-o
3409-1,3409,50-o
3410-1,3410,50-p
3429-1,3429,50-q
3429-1,3429,50-q
3429-1,3429,50-q
3429-1,3429,50-q
3429-1,3429,50-q
3429-1,3429,50-q
3417-1,3417,50-q
3429-1,3429,50-q
3429-1,3429,50-q
3429-1,3429,50-q
3429-1,3429,50-q
3429-1,3429,50-q
3429-1,3429,50-q
3429-1,3429,50-q
3429-1,3429,50-q
3429-1,3429,50-q
3429-1,3429,50-q
3429-1,3429,50-q
3429-1,3429,50-q
3430-1,3430,50-q
3431-1,3431,50-q
3432-1,3432,20-a
3433-1,3433,20-a
3434-1,3434,20-a
3435-1,3435,20-b
3436-1,3436,20-c
3437-1,3437,20-c
3438-1,3438,20-d
3476-1,3476,20-e
3541-1,3541,20-e
3441-1,3441,20-e
3541-1,3541,20-e
3443-1,3443,20-e
3449-1,3449,20-e
3449-1,3449,20-e
3449-1,3449,20-e
3447-1,3447,20-e
3449-1,3449,20-e
3449-1,3449,20-e
3541-1,3541,20-e
3541-1,3541,20-e
3541-1,3541,20-e
3476-1,3476,20-e
3541-1,3541,20-e
3476-1,3476,20-e
3476-1,3476,20-e
3476-1,3476,20-e
3541-1,3541,20-e
3541-1,3541,20-e
3476-1,3476,20-e
3476-1,3476,20-e
3541-1,3541,20-e
3463-1,3463,20-e
3476-1,3476,20-e
3466-1,3466,20-e
3466-1,3466,20-e
3476-1,3476,20-e
3476-1,3476,20-e
3476-1,3476,20-e
3476-1,3476,20-e
3476-1,3476,20-e
3472-1,3472,20-e
3476-1,3476,20-e
3476-1,3476,20-e
3476-1,3476,20-e
3476-1,3476,20-e
3477-1,3477,20-e
3535-1,3535,20-f
3479-1,3479,20-g
3481-1,3481,20-h
3481-1,3481,20-h
3484-1,3484,NA
3484-1,3484,NA
3484-1,3484,NA
3485-1,3485,1-a
3486-1,3486,1-c
3528-1,3528,1-c
3528-1,3528,1-c
3491-1,3491,1-c
3490-1,3490,1-c
3491-1,3491,1-c
3528-1,3528,1-c
3528-1,3528,1-c
3528-1,3528,1-c
3528-1,3528,1-c
3528-1,3528,1-c
3528-1,3528,1-c
3528-1,3528,1-c
3528-1,3528,1-c
3528-1,3528,1-c
3528-1,3528,1-c
3528-1,3528,1-c
3503-1,3503,1-c
3528-1,3528,1-c
3528-1,3528,1-c
3528-1,3528,1-c
3528-1,3528,1-c
3528-1,3528,1-c
3528-1,3528,1-c
3528-1,3528,1-c
3528-1,3528,1-c
3528-1,3528,1-c
3528-1,3528,1-c
3526-1,3526,1-c
3528-1,3528,1-c
3528-1,3528,1-c
3528-1,3528,1-c
3522-1,3522,1-c
3528-1,3528,1-c
3528-1,3528,1-c
3528-1,3528,1-c
3522-1,3522,1-c
3528-1,3528,1-c
3528-1,3528,1-c
3525-1,3525,1-c
3526-1,3526,1-c
3528-1,3528,1-c
3528-1,3528,1-c
3529-1,3529,1-c
3530-1,3530,1-d
3535-1,3535,1-e
3535-1,3535,1-e
3538-1,3538,1-e
3534-1,3534,1-e
3535-1,3535,1-e
3536-1,3536,1-e
3537-1,3537,1-e
3538-1,3538,1-e
3539-1,3539,1-e
3540-1,3540,1-f
3541-1,3541,1-f
3542-1,3542,57-a
3543-1,3543,57-b
3557-1,3557,57-c
3545-1,3545,57-c
3546-1,3546,57-c
3556-1,3556,57-c
3556-1,3556,57-c
3549-1,3549,57-c
3556-1,3556,57-c
3551-1,3551,57-c
3556-1,3556,57-c
3557-1,3557,57-c
3557-1,3557,57-c
3557-1,3557,57-c
3556-1,3556,57-c
3557-1,3557,57-c
3558-1,3558,57-d
3559-1,3559,57-e
3575-1,3575,57-f
3575-1,3575,57-f
3562-1,3562,57-f
3563-1,3563,57-f
3564-1,3564,57-f
3575-1,3575,57-f
3566-1,3566,57-f
3567-1,3567,57-f
3568-1,3568,57-f
3575-1,3575,57-f
3572-1,3572,57-f
3572-1,3572,57-f
3572-1,3572,57-f
3573-1,3573,57-f
3574-1,3574,57-f
3575-1,3575,57-f
3576-1,3576,57-f
3577-1,3577,57-g
3578-1,3578,57-h
3579-1,3579,57-h
3580-1,3580,57-h
3581-1,3581,57-i
3582-1,3582,57-i
3583-1,3583,57-i
3584-1,3584,57-i
3585-1,3585,57-j
3586-1,3586,57-k
3587-1,3587,57-l
3588-1,3588,57-l
3589-1,3589,57-m
3590-1,3590,57-n
3591-1,3591,NA
3592-1,3592,NA
3593-1,3593,NA
3594-1,3594,NA
3595-1,3595,NA
3596-1,3596,NA
3597-1,3597,NA
3598-1,3598,NA
3599-1,3599,57-o
3600-1,3600,57-o
3601-1,3601,57-p
3602-1,3602,57-p
